,label
mouse1_lib1.final_cell_0001,6
mouse1_lib1.final_cell_0002,4
mouse1_lib1.final_cell_0003,1
mouse1_lib1.final_cell_0004,0
mouse1_lib1.final_cell_0005,1
mouse1_lib1.final_cell_0006,6
mouse1_lib1.final_cell_0007,6
mouse1_lib1.final_cell_0008,6
mouse1_lib1.final_cell_0009,6
mouse1_lib1.final_cell_0010,4
mouse1_lib1.final_cell_0011,4
mouse1_lib1.final_cell_0012,6
mouse1_lib1.final_cell_0013,6
mouse1_lib1.final_cell_0014,1
mouse1_lib1.final_cell_0015,6
mouse1_lib1.final_cell_0016,4
mouse1_lib1.final_cell_0017,6
mouse1_lib1.final_cell_0018,3
mouse1_lib1.final_cell_0019,4
mouse1_lib1.final_cell_0020,4
mouse1_lib1.final_cell_0021,6
mouse1_lib1.final_cell_0022,6
mouse1_lib1.final_cell_0023,6
mouse1_lib1.final_cell_0024,1
mouse1_lib1.final_cell_0025,3
mouse1_lib1.final_cell_0026,2
mouse1_lib1.final_cell_0027,4
mouse1_lib1.final_cell_0028,4
mouse1_lib1.final_cell_0029,6
mouse1_lib1.final_cell_0030,4
mouse1_lib1.final_cell_0031,4
mouse1_lib1.final_cell_0032,4
mouse1_lib1.final_cell_0033,10
mouse1_lib1.final_cell_0034,6
mouse1_lib1.final_cell_0035,6
mouse1_lib1.final_cell_0036,4
mouse1_lib1.final_cell_0037,4
mouse1_lib1.final_cell_0038,4
mouse1_lib1.final_cell_0039,1
mouse1_lib1.final_cell_0040,6
mouse1_lib1.final_cell_0041,6
mouse1_lib1.final_cell_0042,4
mouse1_lib1.final_cell_0043,1
mouse1_lib1.final_cell_0044,2
mouse1_lib1.final_cell_0045,6
mouse1_lib1.final_cell_0046,6
mouse1_lib1.final_cell_0047,5
mouse1_lib1.final_cell_0048,4
mouse1_lib1.final_cell_0049,6
mouse1_lib1.final_cell_0050,4
mouse1_lib1.final_cell_0051,10
mouse1_lib1.final_cell_0052,6
mouse1_lib1.final_cell_0053,4
mouse1_lib1.final_cell_0054,4
mouse1_lib1.final_cell_0055,4
mouse1_lib1.final_cell_0056,6
mouse1_lib1.final_cell_0057,4
mouse1_lib1.final_cell_0058,2
mouse1_lib1.final_cell_0059,4
mouse1_lib1.final_cell_0060,6
mouse1_lib1.final_cell_0061,6
mouse1_lib1.final_cell_0062,4
mouse1_lib1.final_cell_0063,4
mouse1_lib1.final_cell_0064,2
mouse1_lib1.final_cell_0065,6
mouse1_lib1.final_cell_0066,6
mouse1_lib1.final_cell_0067,4
mouse1_lib1.final_cell_0068,6
mouse1_lib1.final_cell_0069,2
mouse1_lib1.final_cell_0070,4
mouse1_lib1.final_cell_0071,6
mouse1_lib1.final_cell_0072,6
mouse1_lib1.final_cell_0073,2
mouse1_lib1.final_cell_0074,6
mouse1_lib1.final_cell_0075,6
mouse1_lib1.final_cell_0076,4
mouse1_lib1.final_cell_0077,6
mouse1_lib1.final_cell_0078,4
mouse1_lib1.final_cell_0079,3
mouse1_lib1.final_cell_0080,6
mouse1_lib1.final_cell_0081,4
mouse1_lib1.final_cell_0082,4
mouse1_lib1.final_cell_0083,1
mouse1_lib1.final_cell_0084,5
mouse1_lib1.final_cell_0085,4
mouse1_lib1.final_cell_0086,6
mouse1_lib1.final_cell_0087,4
mouse1_lib1.final_cell_0088,4
mouse1_lib1.final_cell_0089,6
mouse1_lib1.final_cell_0090,4
mouse1_lib1.final_cell_0091,1
mouse1_lib1.final_cell_0092,2
mouse1_lib1.final_cell_0093,6
mouse1_lib1.final_cell_0094,6
mouse1_lib1.final_cell_0095,4
mouse1_lib1.final_cell_0096,1
mouse1_lib1.final_cell_0097,6
mouse1_lib1.final_cell_0098,4
mouse1_lib1.final_cell_0099,4
mouse1_lib1.final_cell_0100,2
mouse1_lib1.final_cell_0101,6
mouse1_lib1.final_cell_0102,2
mouse1_lib1.final_cell_0103,6
mouse1_lib1.final_cell_0104,4
mouse1_lib1.final_cell_0105,3
mouse1_lib1.final_cell_0106,6
mouse1_lib1.final_cell_0107,3
mouse1_lib1.final_cell_0108,6
mouse1_lib1.final_cell_0109,6
mouse1_lib1.final_cell_0110,3
mouse1_lib1.final_cell_0111,1
mouse1_lib1.final_cell_0112,7
mouse1_lib1.final_cell_0113,6
mouse1_lib1.final_cell_0114,6
mouse1_lib1.final_cell_0115,2
mouse1_lib1.final_cell_0116,7
mouse1_lib1.final_cell_0117,6
mouse1_lib1.final_cell_0118,6
mouse1_lib1.final_cell_0119,6
mouse1_lib1.final_cell_0120,2
mouse1_lib1.final_cell_0121,6
mouse1_lib1.final_cell_0122,1
mouse1_lib1.final_cell_0123,6
mouse1_lib1.final_cell_0124,7
mouse1_lib1.final_cell_0125,6
mouse1_lib1.final_cell_0126,3
mouse1_lib1.final_cell_0127,4
mouse1_lib1.final_cell_0128,6
mouse1_lib1.final_cell_0129,6
mouse1_lib1.final_cell_0130,6
mouse1_lib1.final_cell_0131,6
mouse1_lib1.final_cell_0132,6
mouse1_lib1.final_cell_0133,4
mouse1_lib1.final_cell_0134,6
mouse1_lib1.final_cell_0135,4
mouse1_lib1.final_cell_0136,1
mouse1_lib1.final_cell_0137,6
mouse1_lib1.final_cell_0138,6
mouse1_lib1.final_cell_0139,5
mouse1_lib1.final_cell_0140,4
mouse1_lib1.final_cell_0141,6
mouse1_lib1.final_cell_0142,6
mouse1_lib1.final_cell_0143,6
mouse1_lib1.final_cell_0144,6
mouse1_lib1.final_cell_0145,2
mouse1_lib1.final_cell_0146,1
mouse1_lib1.final_cell_0147,6
mouse1_lib1.final_cell_0148,6
mouse1_lib1.final_cell_0149,6
mouse1_lib1.final_cell_0150,6
mouse1_lib1.final_cell_0151,4
mouse1_lib1.final_cell_0152,6
mouse1_lib1.final_cell_0153,4
mouse1_lib1.final_cell_0154,6
mouse1_lib1.final_cell_0155,4
mouse1_lib1.final_cell_0156,1
mouse1_lib1.final_cell_0157,2
mouse1_lib1.final_cell_0158,6
mouse1_lib1.final_cell_0159,4
mouse1_lib1.final_cell_0160,7
mouse1_lib1.final_cell_0161,1
mouse1_lib1.final_cell_0163,6
mouse1_lib1.final_cell_0164,6
mouse1_lib1.final_cell_0165,4
mouse1_lib1.final_cell_0166,1
mouse1_lib1.final_cell_0167,10
mouse1_lib1.final_cell_0168,6
mouse1_lib1.final_cell_0169,6
mouse1_lib1.final_cell_0170,6
mouse1_lib1.final_cell_0171,6
mouse1_lib1.final_cell_0172,6
mouse1_lib1.final_cell_0173,6
mouse1_lib1.final_cell_0174,6
mouse1_lib1.final_cell_0175,4
mouse1_lib1.final_cell_0176,4
mouse1_lib1.final_cell_0177,6
mouse1_lib1.final_cell_0178,4
mouse1_lib1.final_cell_0179,6
mouse1_lib1.final_cell_0180,6
mouse1_lib1.final_cell_0181,6
mouse1_lib1.final_cell_0182,2
mouse1_lib1.final_cell_0183,4
mouse1_lib1.final_cell_0184,4
mouse1_lib1.final_cell_0185,4
mouse1_lib1.final_cell_0186,6
mouse1_lib1.final_cell_0187,2
mouse1_lib1.final_cell_0188,2
mouse1_lib1.final_cell_0189,10
mouse1_lib1.final_cell_0190,6
mouse1_lib1.final_cell_0191,6
mouse1_lib1.final_cell_0192,4
mouse1_lib1.final_cell_0193,4
mouse1_lib1.final_cell_0194,4
mouse1_lib1.final_cell_0195,3
mouse1_lib1.final_cell_0196,6
mouse1_lib1.final_cell_0197,6
mouse1_lib1.final_cell_0198,6
mouse1_lib1.final_cell_0199,6
mouse1_lib1.final_cell_0200,4
mouse1_lib1.final_cell_0201,4
mouse1_lib1.final_cell_0202,4
mouse1_lib1.final_cell_0203,2
mouse1_lib1.final_cell_0204,2
mouse1_lib1.final_cell_0205,1
mouse1_lib1.final_cell_0206,6
mouse1_lib1.final_cell_0207,3
mouse1_lib1.final_cell_0208,2
mouse1_lib1.final_cell_0209,6
mouse1_lib1.final_cell_0210,4
mouse1_lib1.final_cell_0211,6
mouse1_lib1.final_cell_0212,1
mouse1_lib1.final_cell_0213,6
mouse1_lib1.final_cell_0214,6
mouse1_lib1.final_cell_0215,4
mouse1_lib1.final_cell_0216,6
mouse1_lib1.final_cell_0217,1
mouse1_lib1.final_cell_0218,6
mouse1_lib1.final_cell_0219,6
mouse1_lib1.final_cell_0220,1
mouse1_lib1.final_cell_0221,4
mouse1_lib1.final_cell_0222,8
mouse1_lib1.final_cell_0223,6
mouse1_lib1.final_cell_0224,6
mouse1_lib1.final_cell_0225,1
mouse1_lib1.final_cell_0226,1
mouse1_lib1.final_cell_0227,4
mouse1_lib1.final_cell_0228,10
mouse1_lib1.final_cell_0229,6
mouse1_lib1.final_cell_0230,6
mouse1_lib1.final_cell_0231,10
mouse1_lib1.final_cell_0232,4
mouse1_lib1.final_cell_0233,2
mouse1_lib1.final_cell_0234,3
mouse1_lib1.final_cell_0235,2
mouse1_lib1.final_cell_0236,4
mouse1_lib1.final_cell_0237,3
mouse1_lib1.final_cell_0238,4
mouse1_lib1.final_cell_0239,4
mouse1_lib1.final_cell_0240,6
mouse1_lib1.final_cell_0241,6
mouse1_lib1.final_cell_0242,1
mouse1_lib1.final_cell_0243,6
mouse1_lib1.final_cell_0244,4
mouse1_lib1.final_cell_0245,1
mouse1_lib1.final_cell_0246,1
mouse1_lib1.final_cell_0247,6
mouse1_lib1.final_cell_0248,6
mouse1_lib1.final_cell_0249,4
mouse1_lib1.final_cell_0250,4
mouse1_lib1.final_cell_0251,2
mouse1_lib1.final_cell_0252,6
mouse1_lib1.final_cell_0253,3
mouse1_lib1.final_cell_0254,1
mouse1_lib1.final_cell_0255,4
mouse1_lib1.final_cell_0256,4
mouse1_lib1.final_cell_0257,6
mouse1_lib1.final_cell_0258,4
mouse1_lib1.final_cell_0259,6
mouse1_lib1.final_cell_0260,4
mouse1_lib1.final_cell_0261,4
mouse1_lib1.final_cell_0262,4
mouse1_lib1.final_cell_0264,4
mouse1_lib1.final_cell_0265,9
mouse1_lib1.final_cell_0266,4
mouse1_lib1.final_cell_0267,4
mouse1_lib1.final_cell_0268,6
mouse1_lib1.final_cell_0269,4
mouse1_lib1.final_cell_0270,6
mouse1_lib1.final_cell_0271,4
mouse1_lib1.final_cell_0272,4
mouse1_lib1.final_cell_0273,4
mouse1_lib1.final_cell_0274,4
mouse1_lib1.final_cell_0275,2
mouse1_lib1.final_cell_0276,2
mouse1_lib1.final_cell_0277,4
mouse1_lib2.final_cell_0001,6
mouse1_lib2.final_cell_0002,0
mouse1_lib2.final_cell_0003,1
mouse1_lib2.final_cell_0004,5
mouse1_lib2.final_cell_0005,6
mouse1_lib2.final_cell_0006,6
mouse1_lib2.final_cell_0007,4
mouse1_lib2.final_cell_0008,6
mouse1_lib2.final_cell_0009,5
mouse1_lib2.final_cell_0010,0
mouse1_lib2.final_cell_0011,4
mouse1_lib2.final_cell_0012,4
mouse1_lib2.final_cell_0013,4
mouse1_lib2.final_cell_0014,3
mouse1_lib2.final_cell_0015,6
mouse1_lib2.final_cell_0016,4
mouse1_lib2.final_cell_0017,4
mouse1_lib2.final_cell_0018,2
mouse1_lib2.final_cell_0019,6
mouse1_lib2.final_cell_0020,4
mouse1_lib2.final_cell_0021,4
mouse1_lib2.final_cell_0022,4
mouse1_lib2.final_cell_0023,4
mouse1_lib2.final_cell_0024,4
mouse1_lib2.final_cell_0025,6
mouse1_lib2.final_cell_0026,4
mouse1_lib2.final_cell_0027,4
mouse1_lib2.final_cell_0028,4
mouse1_lib2.final_cell_0029,4
mouse1_lib2.final_cell_0030,4
mouse1_lib2.final_cell_0031,2
mouse1_lib2.final_cell_0032,6
mouse1_lib2.final_cell_0033,6
mouse1_lib2.final_cell_0034,6
mouse1_lib2.final_cell_0035,2
mouse1_lib2.final_cell_0036,4
mouse1_lib2.final_cell_0037,6
mouse1_lib2.final_cell_0038,6
mouse1_lib2.final_cell_0039,6
mouse1_lib2.final_cell_0040,4
mouse1_lib2.final_cell_0041,6
mouse1_lib2.final_cell_0042,6
mouse1_lib2.final_cell_0043,4
mouse1_lib2.final_cell_0044,6
mouse1_lib2.final_cell_0045,4
mouse1_lib2.final_cell_0046,2
mouse1_lib2.final_cell_0047,4
mouse1_lib2.final_cell_0048,2
mouse1_lib2.final_cell_0049,6
mouse1_lib2.final_cell_0050,2
mouse1_lib2.final_cell_0051,4
mouse1_lib2.final_cell_0052,4
mouse1_lib2.final_cell_0053,6
mouse1_lib2.final_cell_0054,4
mouse1_lib2.final_cell_0055,2
mouse1_lib2.final_cell_0056,2
mouse1_lib2.final_cell_0058,6
mouse1_lib2.final_cell_0059,4
mouse1_lib2.final_cell_0060,6
mouse1_lib2.final_cell_0061,6
mouse1_lib2.final_cell_0062,6
mouse1_lib2.final_cell_0063,6
mouse1_lib2.final_cell_0064,1
mouse1_lib2.final_cell_0065,6
mouse1_lib2.final_cell_0066,4
mouse1_lib2.final_cell_0067,6
mouse1_lib2.final_cell_0068,4
mouse1_lib2.final_cell_0069,2
mouse1_lib2.final_cell_0070,6
mouse1_lib2.final_cell_0071,4
mouse1_lib2.final_cell_0072,4
mouse1_lib2.final_cell_0073,6
mouse1_lib2.final_cell_0074,6
mouse1_lib2.final_cell_0075,6
mouse1_lib2.final_cell_0076,6
mouse1_lib2.final_cell_0077,4
mouse1_lib2.final_cell_0078,2
mouse1_lib2.final_cell_0079,7
mouse1_lib2.final_cell_0080,6
mouse1_lib2.final_cell_0081,4
mouse1_lib2.final_cell_0082,6
mouse1_lib2.final_cell_0083,4
mouse1_lib2.final_cell_0084,6
mouse1_lib2.final_cell_0085,6
mouse1_lib2.final_cell_0086,1
mouse1_lib2.final_cell_0087,6
mouse1_lib2.final_cell_0088,7
mouse1_lib2.final_cell_0089,6
mouse1_lib2.final_cell_0090,6
mouse1_lib2.final_cell_0091,6
mouse1_lib2.final_cell_0092,6
mouse1_lib2.final_cell_0093,3
mouse1_lib2.final_cell_0094,6
mouse1_lib2.final_cell_0095,2
mouse1_lib2.final_cell_0096,6
mouse1_lib2.final_cell_0097,6
mouse1_lib2.final_cell_0098,6
mouse1_lib2.final_cell_0099,7
mouse1_lib2.final_cell_0100,4
mouse1_lib2.final_cell_0101,6
mouse1_lib2.final_cell_0102,2
mouse1_lib2.final_cell_0103,6
mouse1_lib2.final_cell_0104,6
mouse1_lib2.final_cell_0105,1
mouse1_lib2.final_cell_0106,7
mouse1_lib2.final_cell_0107,4
mouse1_lib2.final_cell_0108,6
mouse1_lib2.final_cell_0109,6
mouse1_lib2.final_cell_0110,4
mouse1_lib2.final_cell_0111,6
mouse1_lib2.final_cell_0112,6
mouse1_lib2.final_cell_0113,1
mouse1_lib2.final_cell_0114,3
mouse1_lib2.final_cell_0115,6
mouse1_lib2.final_cell_0116,6
mouse1_lib2.final_cell_0117,4
mouse1_lib2.final_cell_0118,6
mouse1_lib2.final_cell_0119,2
mouse1_lib2.final_cell_0120,6
mouse1_lib2.final_cell_0121,1
mouse1_lib2.final_cell_0122,6
mouse1_lib2.final_cell_0123,1
mouse1_lib2.final_cell_0124,2
mouse1_lib2.final_cell_0125,6
mouse1_lib2.final_cell_0126,6
mouse1_lib2.final_cell_0127,4
mouse1_lib2.final_cell_0128,10
mouse1_lib2.final_cell_0129,10
mouse1_lib2.final_cell_0130,4
mouse1_lib2.final_cell_0131,6
mouse1_lib2.final_cell_0132,2
mouse1_lib2.final_cell_0133,6
mouse1_lib2.final_cell_0134,6
mouse1_lib2.final_cell_0135,1
mouse1_lib2.final_cell_0136,4
mouse1_lib2.final_cell_0137,6
mouse1_lib2.final_cell_0138,1
mouse1_lib2.final_cell_0139,2
mouse1_lib2.final_cell_0140,10
mouse1_lib2.final_cell_0141,4
mouse1_lib2.final_cell_0142,7
mouse1_lib2.final_cell_0143,3
mouse1_lib2.final_cell_0144,4
mouse1_lib2.final_cell_0145,6
mouse1_lib2.final_cell_0146,6
mouse1_lib2.final_cell_0147,6
mouse1_lib2.final_cell_0148,6
mouse1_lib2.final_cell_0149,6
mouse1_lib2.final_cell_0150,1
mouse1_lib2.final_cell_0151,4
mouse1_lib2.final_cell_0152,6
mouse1_lib2.final_cell_0153,4
mouse1_lib2.final_cell_0154,1
mouse1_lib2.final_cell_0155,1
mouse1_lib2.final_cell_0156,6
mouse1_lib2.final_cell_0157,6
mouse1_lib2.final_cell_0158,2
mouse1_lib2.final_cell_0159,6
mouse1_lib2.final_cell_0160,1
mouse1_lib2.final_cell_0161,6
mouse1_lib2.final_cell_0162,1
mouse1_lib2.final_cell_0163,6
mouse1_lib2.final_cell_0164,5
mouse1_lib2.final_cell_0165,4
mouse1_lib2.final_cell_0166,6
mouse1_lib2.final_cell_0167,3
mouse1_lib2.final_cell_0168,4
mouse1_lib2.final_cell_0169,6
mouse1_lib2.final_cell_0170,2
mouse1_lib2.final_cell_0171,4
mouse1_lib2.final_cell_0172,6
mouse1_lib2.final_cell_0173,6
mouse1_lib2.final_cell_0174,6
mouse1_lib2.final_cell_0175,6
mouse1_lib2.final_cell_0176,6
mouse1_lib2.final_cell_0177,6
mouse1_lib2.final_cell_0178,6
mouse1_lib2.final_cell_0179,2
mouse1_lib2.final_cell_0180,6
mouse1_lib2.final_cell_0181,4
mouse1_lib2.final_cell_0182,6
mouse1_lib2.final_cell_0183,2
mouse1_lib2.final_cell_0184,6
mouse1_lib2.final_cell_0185,6
mouse1_lib2.final_cell_0186,7
mouse1_lib2.final_cell_0187,6
mouse1_lib2.final_cell_0188,1
mouse1_lib2.final_cell_0189,6
mouse1_lib2.final_cell_0190,6
mouse1_lib2.final_cell_0191,6
mouse1_lib2.final_cell_0192,6
mouse1_lib2.final_cell_0193,6
mouse1_lib2.final_cell_0194,4
mouse1_lib2.final_cell_0195,6
mouse1_lib2.final_cell_0196,6
mouse1_lib2.final_cell_0197,6
mouse1_lib2.final_cell_0198,10
mouse1_lib2.final_cell_0199,6
mouse1_lib2.final_cell_0200,2
mouse1_lib2.final_cell_0201,7
mouse1_lib2.final_cell_0202,2
mouse1_lib2.final_cell_0203,6
mouse1_lib2.final_cell_0204,6
mouse1_lib2.final_cell_0205,4
mouse1_lib2.final_cell_0206,2
mouse1_lib2.final_cell_0207,6
mouse1_lib2.final_cell_0208,6
mouse1_lib2.final_cell_0209,6
mouse1_lib2.final_cell_0210,1
mouse1_lib2.final_cell_0211,6
mouse1_lib2.final_cell_0212,3
mouse1_lib2.final_cell_0213,1
mouse1_lib2.final_cell_0214,6
mouse1_lib2.final_cell_0215,6
mouse1_lib2.final_cell_0216,6
mouse1_lib2.final_cell_0217,3
mouse1_lib2.final_cell_0218,1
mouse1_lib2.final_cell_0219,4
mouse1_lib2.final_cell_0220,4
mouse1_lib2.final_cell_0221,6
mouse1_lib2.final_cell_0222,6
mouse1_lib2.final_cell_0223,2
mouse1_lib2.final_cell_0224,6
mouse1_lib2.final_cell_0225,6
mouse1_lib2.final_cell_0226,1
mouse1_lib2.final_cell_0227,3
mouse1_lib2.final_cell_0228,10
mouse1_lib2.final_cell_0229,1
mouse1_lib2.final_cell_0230,6
mouse1_lib2.final_cell_0231,1
mouse1_lib2.final_cell_0232,6
mouse1_lib2.final_cell_0233,4
mouse1_lib2.final_cell_0234,4
mouse1_lib2.final_cell_0235,6
mouse1_lib2.final_cell_0236,6
mouse1_lib2.final_cell_0237,1
mouse1_lib2.final_cell_0238,6
mouse1_lib2.final_cell_0239,2
mouse1_lib2.final_cell_0240,1
mouse1_lib2.final_cell_0241,1
mouse1_lib2.final_cell_0242,6
mouse1_lib2.final_cell_0243,1
mouse1_lib2.final_cell_0244,5
mouse1_lib2.final_cell_0245,3
mouse1_lib2.final_cell_0246,6
mouse1_lib2.final_cell_0247,10
mouse1_lib2.final_cell_0248,2
mouse1_lib2.final_cell_0249,1
mouse1_lib2.final_cell_0250,4
mouse1_lib2.final_cell_0251,4
mouse1_lib2.final_cell_0252,6
mouse1_lib2.final_cell_0253,1
mouse1_lib2.final_cell_0254,6
mouse1_lib2.final_cell_0255,1
mouse1_lib2.final_cell_0256,6
mouse1_lib2.final_cell_0257,4
mouse1_lib2.final_cell_0258,2
mouse1_lib2.final_cell_0259,2
mouse1_lib2.final_cell_0260,4
mouse1_lib2.final_cell_0261,5
mouse1_lib2.final_cell_0262,1
mouse1_lib2.final_cell_0263,1
mouse1_lib2.final_cell_0264,6
mouse1_lib2.final_cell_0265,6
mouse1_lib2.final_cell_0266,2
mouse1_lib2.final_cell_0267,6
mouse1_lib2.final_cell_0268,6
mouse1_lib2.final_cell_0269,8
mouse1_lib2.final_cell_0270,1
mouse1_lib2.final_cell_0271,4
mouse1_lib2.final_cell_0272,7
mouse1_lib2.final_cell_0273,6
mouse1_lib2.final_cell_0274,1
mouse1_lib2.final_cell_0275,6
mouse1_lib2.final_cell_0276,6
mouse1_lib2.final_cell_0277,6
mouse1_lib2.final_cell_0278,6
mouse1_lib2.final_cell_0279,4
mouse1_lib2.final_cell_0280,4
mouse1_lib2.final_cell_0281,4
mouse1_lib2.final_cell_0282,4
mouse1_lib2.final_cell_0283,4
mouse1_lib2.final_cell_0284,4
mouse1_lib2.final_cell_0285,4
mouse1_lib2.final_cell_0286,4
mouse1_lib2.final_cell_0287,3
mouse1_lib2.final_cell_0288,1
mouse1_lib2.final_cell_0289,2
mouse1_lib2.final_cell_0290,4
mouse1_lib2.final_cell_0291,2
mouse1_lib3.final_cell_0001,6
mouse1_lib3.final_cell_0002,6
mouse1_lib3.final_cell_0003,4
mouse1_lib3.final_cell_0004,1
mouse1_lib3.final_cell_0005,5
mouse1_lib3.final_cell_0006,2
mouse1_lib3.final_cell_0007,6
mouse1_lib3.final_cell_0008,4
mouse1_lib3.final_cell_0009,6
mouse1_lib3.final_cell_0010,4
mouse1_lib3.final_cell_0011,4
mouse1_lib3.final_cell_0012,4
mouse1_lib3.final_cell_0013,4
mouse1_lib3.final_cell_0014,4
mouse1_lib3.final_cell_0015,4
mouse1_lib3.final_cell_0016,4
mouse1_lib3.final_cell_0017,4
mouse1_lib3.final_cell_0018,6
mouse1_lib3.final_cell_0019,4
mouse1_lib3.final_cell_0020,10
mouse1_lib3.final_cell_0021,1
mouse1_lib3.final_cell_0022,6
mouse1_lib3.final_cell_0023,6
mouse1_lib3.final_cell_0024,1
mouse1_lib3.final_cell_0025,4
mouse1_lib3.final_cell_0026,1
mouse1_lib3.final_cell_0027,3
mouse1_lib3.final_cell_0028,4
mouse1_lib3.final_cell_0029,4
mouse1_lib3.final_cell_0030,2
mouse1_lib3.final_cell_0031,4
mouse1_lib3.final_cell_0032,6
mouse1_lib3.final_cell_0033,4
mouse1_lib3.final_cell_0034,4
mouse1_lib3.final_cell_0035,4
mouse1_lib3.final_cell_0036,4
mouse1_lib3.final_cell_0037,4
mouse1_lib3.final_cell_0038,1
mouse1_lib3.final_cell_0039,6
mouse1_lib3.final_cell_0040,6
mouse1_lib3.final_cell_0041,4
mouse1_lib3.final_cell_0042,2
mouse1_lib3.final_cell_0043,2
mouse1_lib3.final_cell_0044,1
mouse1_lib3.final_cell_0045,1
mouse1_lib3.final_cell_0046,4
mouse1_lib3.final_cell_0047,6
mouse1_lib3.final_cell_0048,6
mouse1_lib3.final_cell_0049,6
mouse1_lib3.final_cell_0050,1
mouse1_lib3.final_cell_0051,6
mouse1_lib3.final_cell_0052,6
mouse1_lib3.final_cell_0053,6
mouse1_lib3.final_cell_0054,2
mouse1_lib3.final_cell_0055,2
mouse1_lib3.final_cell_0056,4
mouse1_lib3.final_cell_0057,3
mouse1_lib3.final_cell_0058,6
mouse1_lib3.final_cell_0059,6
mouse1_lib3.final_cell_0060,6
mouse1_lib3.final_cell_0061,6
mouse1_lib3.final_cell_0062,6
mouse1_lib3.final_cell_0063,4
mouse1_lib3.final_cell_0064,4
mouse1_lib3.final_cell_0065,6
mouse1_lib3.final_cell_0066,6
mouse1_lib3.final_cell_0067,4
mouse1_lib3.final_cell_0068,6
mouse1_lib3.final_cell_0069,6
mouse1_lib3.final_cell_0070,4
mouse1_lib3.final_cell_0071,4
mouse1_lib3.final_cell_0072,4
mouse1_lib3.final_cell_0073,4
mouse1_lib3.final_cell_0074,6
mouse1_lib3.final_cell_0075,6
mouse1_lib3.final_cell_0076,4
mouse1_lib3.final_cell_0077,6
mouse1_lib3.final_cell_0078,8
mouse1_lib3.final_cell_0080,6
mouse1_lib3.final_cell_0081,6
mouse1_lib3.final_cell_0082,4
mouse1_lib3.final_cell_0083,6
mouse1_lib3.final_cell_0084,6
mouse1_lib3.final_cell_0085,3
mouse1_lib3.final_cell_0086,4
mouse1_lib3.final_cell_0087,4
mouse1_lib3.final_cell_0088,1
mouse1_lib3.final_cell_0089,4
mouse1_lib3.final_cell_0090,4
mouse1_lib3.final_cell_0091,4
mouse1_lib3.final_cell_0092,6
mouse1_lib3.final_cell_0093,6
mouse1_lib3.final_cell_0094,6
mouse1_lib3.final_cell_0095,3
mouse1_lib3.final_cell_0096,2
mouse1_lib3.final_cell_0097,7
mouse1_lib3.final_cell_0098,6
mouse1_lib3.final_cell_0099,4
mouse1_lib3.final_cell_0100,6
mouse1_lib3.final_cell_0101,2
mouse1_lib3.final_cell_0102,6
mouse1_lib3.final_cell_0103,10
mouse1_lib3.final_cell_0104,2
mouse1_lib3.final_cell_0105,6
mouse1_lib3.final_cell_0106,6
mouse1_lib3.final_cell_0107,6
mouse1_lib3.final_cell_0108,6
mouse1_lib3.final_cell_0109,9
mouse1_lib3.final_cell_0110,6
mouse1_lib3.final_cell_0111,6
mouse1_lib3.final_cell_0112,6
mouse1_lib3.final_cell_0113,6
mouse1_lib3.final_cell_0114,1
mouse1_lib3.final_cell_0115,6
mouse1_lib3.final_cell_0116,2
mouse1_lib3.final_cell_0117,6
mouse1_lib3.final_cell_0118,6
mouse1_lib3.final_cell_0119,4
mouse1_lib3.final_cell_0120,1
mouse1_lib3.final_cell_0121,1
mouse1_lib3.final_cell_0122,6
mouse1_lib3.final_cell_0123,1
mouse1_lib3.final_cell_0124,6
mouse1_lib3.final_cell_0125,2
mouse1_lib3.final_cell_0126,1
mouse1_lib3.final_cell_0127,4
mouse1_lib3.final_cell_0128,2
mouse1_lib3.final_cell_0129,6
mouse1_lib3.final_cell_0130,6
mouse1_lib3.final_cell_0131,6
mouse1_lib3.final_cell_0132,6
mouse1_lib3.final_cell_0133,1
mouse1_lib3.final_cell_0134,4
mouse1_lib3.final_cell_0135,6
mouse1_lib3.final_cell_0136,1
mouse1_lib3.final_cell_0137,6
mouse1_lib3.final_cell_0138,6
mouse1_lib3.final_cell_0139,6
mouse1_lib3.final_cell_0140,6
mouse1_lib3.final_cell_0141,6
mouse1_lib3.final_cell_0142,6
mouse1_lib3.final_cell_0143,6
mouse1_lib3.final_cell_0144,1
mouse1_lib3.final_cell_0145,4
mouse1_lib3.final_cell_0146,6
mouse1_lib3.final_cell_0147,6
mouse1_lib3.final_cell_0148,3
mouse1_lib3.final_cell_0149,4
mouse1_lib3.final_cell_0150,1
mouse1_lib3.final_cell_0151,6
mouse1_lib3.final_cell_0152,6
mouse1_lib3.final_cell_0153,6
mouse1_lib3.final_cell_0154,4
mouse1_lib3.final_cell_0155,6
mouse1_lib3.final_cell_0156,4
mouse1_lib3.final_cell_0157,4
mouse1_lib3.final_cell_0158,4
mouse1_lib3.final_cell_0159,6
mouse1_lib3.final_cell_0160,6
mouse1_lib3.final_cell_0161,4
mouse1_lib3.final_cell_0162,1
mouse1_lib3.final_cell_0163,2
mouse1_lib3.final_cell_0164,4
mouse1_lib3.final_cell_0165,6
mouse1_lib3.final_cell_0166,4
mouse1_lib3.final_cell_0167,4
mouse1_lib3.final_cell_0168,1
mouse1_lib3.final_cell_0169,3
mouse1_lib3.final_cell_0170,2
mouse1_lib3.final_cell_0171,6
mouse1_lib3.final_cell_0172,6
mouse1_lib3.final_cell_0173,1
mouse1_lib3.final_cell_0174,4
mouse1_lib3.final_cell_0175,4
mouse1_lib3.final_cell_0176,6
mouse1_lib3.final_cell_0177,1
mouse1_lib3.final_cell_0178,6
mouse1_lib3.final_cell_0179,4
mouse1_lib3.final_cell_0180,4
mouse1_lib3.final_cell_0181,6
mouse1_lib3.final_cell_0182,6
mouse1_lib3.final_cell_0183,6
mouse1_lib3.final_cell_0184,2
mouse1_lib3.final_cell_0185,4
mouse1_lib3.final_cell_0186,6
mouse1_lib3.final_cell_0187,7
mouse1_lib3.final_cell_0188,6
mouse1_lib3.final_cell_0189,6
mouse1_lib3.final_cell_0190,4
mouse1_lib3.final_cell_0191,6
mouse1_lib3.final_cell_0192,6
mouse1_lib3.final_cell_0193,6
mouse1_lib3.final_cell_0194,6
mouse1_lib3.final_cell_0195,6
mouse1_lib3.final_cell_0196,6
mouse1_lib3.final_cell_0197,4
mouse1_lib3.final_cell_0198,6
mouse1_lib3.final_cell_0199,6
mouse1_lib3.final_cell_0201,6
mouse1_lib3.final_cell_0202,7
mouse1_lib3.final_cell_0203,3
mouse1_lib3.final_cell_0204,4
mouse1_lib3.final_cell_0205,6
mouse1_lib3.final_cell_0206,6
mouse1_lib3.final_cell_0207,4
mouse1_lib3.final_cell_0208,1
mouse1_lib3.final_cell_0209,4
mouse1_lib3.final_cell_0210,6
mouse1_lib3.final_cell_0211,6
mouse1_lib3.final_cell_0212,6
mouse1_lib3.final_cell_0213,6
mouse1_lib3.final_cell_0214,4
mouse1_lib3.final_cell_0215,4
mouse1_lib3.final_cell_0216,8
mouse1_lib3.final_cell_0217,4
mouse1_lib3.final_cell_0218,4
mouse1_lib3.final_cell_0219,6
mouse1_lib3.final_cell_0221,4
mouse1_lib3.final_cell_0222,7
mouse1_lib3.final_cell_0223,1
mouse1_lib3.final_cell_0224,6
mouse1_lib3.final_cell_0225,7
mouse1_lib3.final_cell_0226,6
mouse1_lib3.final_cell_0227,6
mouse1_lib3.final_cell_0228,4
mouse1_lib3.final_cell_0229,4
mouse1_lib3.final_cell_0230,9
mouse1_lib3.final_cell_0231,4
mouse1_lib3.final_cell_0232,4
mouse1_lib3.final_cell_0233,6
mouse1_lib3.final_cell_0234,4
mouse1_lib3.final_cell_0235,4
mouse1_lib3.final_cell_0236,4
mouse1_lib3.final_cell_0237,4
mouse1_lib3.final_cell_0238,6
mouse1_lib3.final_cell_0239,4
mouse1_lib3.final_cell_0240,4
mouse1_lib3.final_cell_0241,4
mouse1_lib3.final_cell_0242,6
mouse1_lib3.final_cell_0243,4
mouse1_lib3.final_cell_0244,4
mouse1_lib3.final_cell_0245,1
mouse1_lib3.final_cell_0246,1
mouse1_lib3.final_cell_0247,4
mouse1_lib3.final_cell_0248,2
mouse1_lib3.final_cell_0249,4
mouse1_lib3.final_cell_0250,9
mouse1_lib3.final_cell_0251,4
mouse1_lib3.final_cell_0252,4
mouse1_lib3.final_cell_0253,2
mouse1_lib3.final_cell_0254,4
mouse2_lib1.final_cell_0001,6
mouse2_lib1.final_cell_0002,6
mouse2_lib1.final_cell_0003,6
mouse2_lib1.final_cell_0004,4
mouse2_lib1.final_cell_0005,6
mouse2_lib1.final_cell_0006,6
mouse2_lib1.final_cell_0007,6
mouse2_lib1.final_cell_0008,6
mouse2_lib1.final_cell_0009,1
mouse2_lib1.final_cell_0010,6
mouse2_lib1.final_cell_0011,6
mouse2_lib1.final_cell_0012,6
mouse2_lib1.final_cell_0013,5
mouse2_lib1.final_cell_0014,1
mouse2_lib1.final_cell_0015,6
mouse2_lib1.final_cell_0016,6
mouse2_lib1.final_cell_0017,6
mouse2_lib1.final_cell_0018,6
mouse2_lib1.final_cell_0019,6
mouse2_lib1.final_cell_0020,6
mouse2_lib1.final_cell_0021,6
mouse2_lib1.final_cell_0022,6
mouse2_lib1.final_cell_0023,6
mouse2_lib1.final_cell_0024,5
mouse2_lib1.final_cell_0025,6
mouse2_lib1.final_cell_0026,6
mouse2_lib1.final_cell_0027,6
mouse2_lib1.final_cell_0028,6
mouse2_lib1.final_cell_0029,6
mouse2_lib1.final_cell_0030,4
mouse2_lib1.final_cell_0031,6
mouse2_lib1.final_cell_0032,6
mouse2_lib1.final_cell_0033,1
mouse2_lib1.final_cell_0034,1
mouse2_lib1.final_cell_0035,5
mouse2_lib1.final_cell_0036,6
mouse2_lib1.final_cell_0037,5
mouse2_lib1.final_cell_0038,6
mouse2_lib1.final_cell_0039,10
mouse2_lib1.final_cell_0040,1
mouse2_lib1.final_cell_0041,6
mouse2_lib1.final_cell_0042,1
mouse2_lib1.final_cell_0043,6
mouse2_lib1.final_cell_0044,1
mouse2_lib1.final_cell_0045,1
mouse2_lib1.final_cell_0046,6
mouse2_lib1.final_cell_0047,6
mouse2_lib1.final_cell_0048,5
mouse2_lib1.final_cell_0049,6
mouse2_lib1.final_cell_0050,6
mouse2_lib1.final_cell_0051,6
mouse2_lib1.final_cell_0052,6
mouse2_lib1.final_cell_0053,5
mouse2_lib1.final_cell_0054,6
mouse2_lib1.final_cell_0055,6
mouse2_lib1.final_cell_0056,5
mouse2_lib1.final_cell_0057,6
mouse2_lib1.final_cell_0058,6
mouse2_lib1.final_cell_0059,1
mouse2_lib1.final_cell_0060,1
mouse2_lib1.final_cell_0061,6
mouse2_lib1.final_cell_0062,5
mouse2_lib1.final_cell_0063,4
mouse2_lib1.final_cell_0064,1
mouse2_lib1.final_cell_0065,6
mouse2_lib1.final_cell_0066,6
mouse2_lib1.final_cell_0067,5
mouse2_lib1.final_cell_0068,5
mouse2_lib1.final_cell_0069,6
mouse2_lib1.final_cell_0070,5
mouse2_lib1.final_cell_0071,5
mouse2_lib1.final_cell_0072,5
mouse2_lib1.final_cell_0073,6
mouse2_lib1.final_cell_0074,6
mouse2_lib1.final_cell_0075,6
mouse2_lib1.final_cell_0076,5
mouse2_lib1.final_cell_0077,6
mouse2_lib1.final_cell_0078,2
mouse2_lib1.final_cell_0079,6
mouse2_lib1.final_cell_0080,6
mouse2_lib1.final_cell_0081,6
mouse2_lib1.final_cell_0082,1
mouse2_lib1.final_cell_0084,5
mouse2_lib1.final_cell_0085,5
mouse2_lib1.final_cell_0086,4
mouse2_lib1.final_cell_0087,6
mouse2_lib1.final_cell_0088,6
mouse2_lib1.final_cell_0089,6
mouse2_lib1.final_cell_0090,6
mouse2_lib1.final_cell_0091,1
mouse2_lib1.final_cell_0092,5
mouse2_lib1.final_cell_0093,6
mouse2_lib1.final_cell_0094,6
mouse2_lib1.final_cell_0095,6
mouse2_lib1.final_cell_0096,6
mouse2_lib1.final_cell_0097,1
mouse2_lib1.final_cell_0098,1
mouse2_lib1.final_cell_0099,1
mouse2_lib1.final_cell_0100,1
mouse2_lib1.final_cell_0101,6
mouse2_lib1.final_cell_0102,6
mouse2_lib1.final_cell_0103,6
mouse2_lib1.final_cell_0104,1
mouse2_lib1.final_cell_0105,6
mouse2_lib1.final_cell_0106,6
mouse2_lib1.final_cell_0107,5
mouse2_lib1.final_cell_0108,6
mouse2_lib1.final_cell_0109,1
mouse2_lib1.final_cell_0110,10
mouse2_lib1.final_cell_0111,6
mouse2_lib1.final_cell_0112,1
mouse2_lib1.final_cell_0113,6
mouse2_lib1.final_cell_0114,6
mouse2_lib1.final_cell_0115,6
mouse2_lib1.final_cell_0116,1
mouse2_lib1.final_cell_0117,6
mouse2_lib1.final_cell_0118,10
mouse2_lib1.final_cell_0119,10
mouse2_lib1.final_cell_0120,4
mouse2_lib1.final_cell_0121,6
mouse2_lib1.final_cell_0122,6
mouse2_lib1.final_cell_0123,6
mouse2_lib1.final_cell_0124,6
mouse2_lib1.final_cell_0125,6
mouse2_lib1.final_cell_0126,6
mouse2_lib1.final_cell_0127,5
mouse2_lib1.final_cell_0128,5
mouse2_lib1.final_cell_0129,2
mouse2_lib1.final_cell_0130,6
mouse2_lib1.final_cell_0131,6
mouse2_lib1.final_cell_0132,6
mouse2_lib1.final_cell_0133,6
mouse2_lib1.final_cell_0134,6
mouse2_lib1.final_cell_0135,6
mouse2_lib1.final_cell_0136,6
mouse2_lib1.final_cell_0137,6
mouse2_lib1.final_cell_0138,5
mouse2_lib1.final_cell_0139,6
mouse2_lib1.final_cell_0140,6
mouse2_lib1.final_cell_0141,4
mouse2_lib1.final_cell_0142,4
mouse2_lib1.final_cell_0143,6
mouse2_lib1.final_cell_0144,10
mouse2_lib1.final_cell_0145,1
mouse2_lib1.final_cell_0146,10
mouse2_lib1.final_cell_0147,6
mouse2_lib1.final_cell_0148,5
mouse2_lib1.final_cell_0149,5
mouse2_lib1.final_cell_0150,6
mouse2_lib1.final_cell_0151,6
mouse2_lib1.final_cell_0152,4
mouse2_lib1.final_cell_0153,5
mouse2_lib1.final_cell_0154,6
mouse2_lib1.final_cell_0155,6
mouse2_lib1.final_cell_0156,5
mouse2_lib1.final_cell_0157,5
mouse2_lib1.final_cell_0158,5
mouse2_lib1.final_cell_0159,6
mouse2_lib1.final_cell_0160,6
mouse2_lib1.final_cell_0161,6
mouse2_lib1.final_cell_0162,10
mouse2_lib1.final_cell_0163,1
mouse2_lib1.final_cell_0164,6
mouse2_lib1.final_cell_0165,5
mouse2_lib1.final_cell_0166,6
mouse2_lib1.final_cell_0167,1
mouse2_lib1.final_cell_0168,6
mouse2_lib1.final_cell_0169,1
mouse2_lib1.final_cell_0170,6
mouse2_lib1.final_cell_0171,5
mouse2_lib1.final_cell_0172,6
mouse2_lib1.final_cell_0173,1
mouse2_lib1.final_cell_0174,6
mouse2_lib1.final_cell_0175,5
mouse2_lib1.final_cell_0176,6
mouse2_lib1.final_cell_0177,6
mouse2_lib1.final_cell_0178,5
mouse2_lib1.final_cell_0179,6
mouse2_lib1.final_cell_0180,6
mouse2_lib1.final_cell_0181,5
mouse2_lib1.final_cell_0182,5
mouse2_lib1.final_cell_0183,6
mouse2_lib1.final_cell_0184,5
mouse2_lib1.final_cell_0185,6
mouse2_lib1.final_cell_0186,5
mouse2_lib1.final_cell_0187,5
mouse2_lib1.final_cell_0188,6
mouse2_lib1.final_cell_0189,5
mouse2_lib1.final_cell_0190,6
mouse2_lib1.final_cell_0191,6
mouse2_lib1.final_cell_0192,6
mouse2_lib1.final_cell_0193,6
mouse2_lib1.final_cell_0194,5
mouse2_lib1.final_cell_0195,6
mouse2_lib1.final_cell_0196,5
mouse2_lib1.final_cell_0197,6
mouse2_lib1.final_cell_0198,7
mouse2_lib1.final_cell_0199,5
mouse2_lib1.final_cell_0200,6
mouse2_lib1.final_cell_0201,6
mouse2_lib1.final_cell_0202,6
mouse2_lib1.final_cell_0203,1
mouse2_lib1.final_cell_0204,10
mouse2_lib1.final_cell_0205,7
mouse2_lib1.final_cell_0206,10
mouse2_lib1.final_cell_0207,6
mouse2_lib1.final_cell_0208,7
mouse2_lib1.final_cell_0209,5
mouse2_lib1.final_cell_0210,5
mouse2_lib1.final_cell_0211,6
mouse2_lib1.final_cell_0212,6
mouse2_lib1.final_cell_0213,2
mouse2_lib1.final_cell_0214,6
mouse2_lib1.final_cell_0215,6
mouse2_lib1.final_cell_0216,1
mouse2_lib1.final_cell_0217,10
mouse2_lib1.final_cell_0218,6
mouse2_lib1.final_cell_0219,6
mouse2_lib1.final_cell_0221,6
mouse2_lib1.final_cell_0222,1
mouse2_lib1.final_cell_0223,6
mouse2_lib1.final_cell_0224,1
mouse2_lib1.final_cell_0225,6
mouse2_lib1.final_cell_0226,6
mouse2_lib1.final_cell_0227,6
mouse2_lib1.final_cell_0228,6
mouse2_lib1.final_cell_0229,5
mouse2_lib1.final_cell_0230,5
mouse2_lib1.final_cell_0231,10
mouse2_lib1.final_cell_0232,7
mouse2_lib1.final_cell_0233,6
mouse2_lib1.final_cell_0234,6
mouse2_lib1.final_cell_0235,5
mouse2_lib1.final_cell_0236,1
mouse2_lib1.final_cell_0237,8
mouse2_lib1.final_cell_0238,6
mouse2_lib1.final_cell_0239,6
mouse2_lib1.final_cell_0240,2
mouse2_lib1.final_cell_0241,6
mouse2_lib1.final_cell_0242,6
mouse2_lib1.final_cell_0243,6
mouse2_lib1.final_cell_0244,6
mouse2_lib1.final_cell_0245,6
mouse2_lib1.final_cell_0246,2
mouse2_lib1.final_cell_0247,5
mouse2_lib1.final_cell_0248,5
mouse2_lib1.final_cell_0249,5
mouse2_lib1.final_cell_0250,6
mouse2_lib1.final_cell_0251,7
mouse2_lib1.final_cell_0252,7
mouse2_lib1.final_cell_0253,6
mouse2_lib1.final_cell_0254,6
mouse2_lib1.final_cell_0255,6
mouse2_lib1.final_cell_0256,1
mouse2_lib1.final_cell_0257,6
mouse2_lib1.final_cell_0258,6
mouse2_lib1.final_cell_0259,1
mouse2_lib1.final_cell_0260,6
mouse2_lib1.final_cell_0261,1
mouse2_lib1.final_cell_0262,1
mouse2_lib1.final_cell_0263,2
mouse2_lib1.final_cell_0264,1
mouse2_lib1.final_cell_0265,6
mouse2_lib1.final_cell_0266,6
mouse2_lib1.final_cell_0267,4
mouse2_lib1.final_cell_0268,4
mouse2_lib1.final_cell_0269,5
mouse2_lib1.final_cell_0270,2
mouse2_lib1.final_cell_0271,6
mouse2_lib1.final_cell_0272,5
mouse2_lib1.final_cell_0273,5
mouse2_lib1.final_cell_0274,2
mouse2_lib1.final_cell_0275,6
mouse2_lib1.final_cell_0276,6
mouse2_lib1.final_cell_0277,6
mouse2_lib1.final_cell_0278,6
mouse2_lib1.final_cell_0279,6
mouse2_lib1.final_cell_0281,6
mouse2_lib1.final_cell_0282,3
mouse2_lib1.final_cell_0283,5
mouse2_lib1.final_cell_0284,5
mouse2_lib1.final_cell_0285,8
mouse2_lib1.final_cell_0286,2
mouse2_lib1.final_cell_0287,6
mouse2_lib1.final_cell_0288,6
mouse2_lib1.final_cell_0289,10
mouse2_lib1.final_cell_0290,2
mouse2_lib1.final_cell_0291,6
mouse2_lib1.final_cell_0292,8
mouse2_lib1.final_cell_0293,5
mouse2_lib1.final_cell_0294,3
mouse2_lib1.final_cell_0295,6
mouse2_lib1.final_cell_0296,1
mouse2_lib1.final_cell_0297,6
mouse2_lib1.final_cell_0298,2
mouse2_lib1.final_cell_0299,6
mouse2_lib1.final_cell_0300,6
mouse2_lib1.final_cell_0302,8
mouse2_lib1.final_cell_0303,7
mouse2_lib1.final_cell_0304,5
mouse2_lib1.final_cell_0305,2
mouse2_lib1.final_cell_0306,7
mouse2_lib1.final_cell_0307,6
mouse2_lib1.final_cell_0308,1
mouse2_lib1.final_cell_0309,6
mouse2_lib1.final_cell_0310,1
mouse2_lib1.final_cell_0311,1
mouse2_lib1.final_cell_0312,6
mouse2_lib1.final_cell_0313,6
mouse2_lib1.final_cell_0314,6
mouse2_lib1.final_cell_0315,1
mouse2_lib1.final_cell_0316,6
mouse2_lib1.final_cell_0317,3
mouse2_lib1.final_cell_0319,2
mouse2_lib1.final_cell_0320,2
mouse2_lib2.final_cell_0003,6
mouse2_lib2.final_cell_0004,1
mouse2_lib2.final_cell_0005,6
mouse2_lib2.final_cell_0006,6
mouse2_lib2.final_cell_0007,4
mouse2_lib2.final_cell_0008,6
mouse2_lib2.final_cell_0009,6
mouse2_lib2.final_cell_0010,6
mouse2_lib2.final_cell_0011,6
mouse2_lib2.final_cell_0012,6
mouse2_lib2.final_cell_0013,10
mouse2_lib2.final_cell_0014,6
mouse2_lib2.final_cell_0015,5
mouse2_lib2.final_cell_0016,6
mouse2_lib2.final_cell_0017,6
mouse2_lib2.final_cell_0018,6
mouse2_lib2.final_cell_0019,6
mouse2_lib2.final_cell_0020,6
mouse2_lib2.final_cell_0021,4
mouse2_lib2.final_cell_0022,5
mouse2_lib2.final_cell_0023,5
mouse2_lib2.final_cell_0024,6
mouse2_lib2.final_cell_0025,5
mouse2_lib2.final_cell_0026,1
mouse2_lib2.final_cell_0027,6
mouse2_lib2.final_cell_0028,5
mouse2_lib2.final_cell_0029,6
mouse2_lib2.final_cell_0030,1
mouse2_lib2.final_cell_0031,5
mouse2_lib2.final_cell_0032,6
mouse2_lib2.final_cell_0033,6
mouse2_lib2.final_cell_0034,5
mouse2_lib2.final_cell_0035,1
mouse2_lib2.final_cell_0036,5
mouse2_lib2.final_cell_0037,6
mouse2_lib2.final_cell_0038,6
mouse2_lib2.final_cell_0039,6
mouse2_lib2.final_cell_0040,10
mouse2_lib2.final_cell_0041,10
mouse2_lib2.final_cell_0042,6
mouse2_lib2.final_cell_0043,6
mouse2_lib2.final_cell_0044,6
mouse2_lib2.final_cell_0045,6
mouse2_lib2.final_cell_0046,1
mouse2_lib2.final_cell_0047,6
mouse2_lib2.final_cell_0048,5
mouse2_lib2.final_cell_0049,6
mouse2_lib2.final_cell_0050,5
mouse2_lib2.final_cell_0051,5
mouse2_lib2.final_cell_0052,5
mouse2_lib2.final_cell_0053,6
mouse2_lib2.final_cell_0054,1
mouse2_lib2.final_cell_0055,1
mouse2_lib2.final_cell_0056,6
mouse2_lib2.final_cell_0057,6
mouse2_lib2.final_cell_0058,6
mouse2_lib2.final_cell_0059,6
mouse2_lib2.final_cell_0060,6
mouse2_lib2.final_cell_0061,6
mouse2_lib2.final_cell_0062,1
mouse2_lib2.final_cell_0063,6
mouse2_lib2.final_cell_0064,6
mouse2_lib2.final_cell_0065,6
mouse2_lib2.final_cell_0066,6
mouse2_lib2.final_cell_0067,5
mouse2_lib2.final_cell_0068,1
mouse2_lib2.final_cell_0069,6
mouse2_lib2.final_cell_0070,1
mouse2_lib2.final_cell_0071,6
mouse2_lib2.final_cell_0072,6
mouse2_lib2.final_cell_0073,6
mouse2_lib2.final_cell_0074,6
mouse2_lib2.final_cell_0075,6
mouse2_lib2.final_cell_0076,1
mouse2_lib2.final_cell_0077,6
mouse2_lib2.final_cell_0078,6
mouse2_lib2.final_cell_0079,1
mouse2_lib2.final_cell_0080,0
mouse2_lib2.final_cell_0081,1
mouse2_lib2.final_cell_0082,5
mouse2_lib2.final_cell_0083,1
mouse2_lib2.final_cell_0084,6
mouse2_lib2.final_cell_0085,1
mouse2_lib2.final_cell_0086,1
mouse2_lib2.final_cell_0087,6
mouse2_lib2.final_cell_0088,1
mouse2_lib2.final_cell_0089,1
mouse2_lib2.final_cell_0090,6
mouse2_lib2.final_cell_0091,5
mouse2_lib2.final_cell_0092,6
mouse2_lib2.final_cell_0093,5
mouse2_lib2.final_cell_0094,5
mouse2_lib2.final_cell_0095,6
mouse2_lib2.final_cell_0096,5
mouse2_lib2.final_cell_0097,6
mouse2_lib2.final_cell_0098,10
mouse2_lib2.final_cell_0099,6
mouse2_lib2.final_cell_0100,6
mouse2_lib2.final_cell_0101,6
mouse2_lib2.final_cell_0102,1
mouse2_lib2.final_cell_0103,6
mouse2_lib2.final_cell_0104,6
mouse2_lib2.final_cell_0105,6
mouse2_lib2.final_cell_0106,6
mouse2_lib2.final_cell_0107,6
mouse2_lib2.final_cell_0108,4
mouse2_lib2.final_cell_0109,6
mouse2_lib2.final_cell_0110,6
mouse2_lib2.final_cell_0111,1
mouse2_lib2.final_cell_0112,5
mouse2_lib2.final_cell_0113,5
mouse2_lib2.final_cell_0114,6
mouse2_lib2.final_cell_0115,2
mouse2_lib2.final_cell_0116,5
mouse2_lib2.final_cell_0117,1
mouse2_lib2.final_cell_0118,6
mouse2_lib2.final_cell_0119,6
mouse2_lib2.final_cell_0120,6
mouse2_lib2.final_cell_0121,6
mouse2_lib2.final_cell_0122,1
mouse2_lib2.final_cell_0123,6
mouse2_lib2.final_cell_0124,5
mouse2_lib2.final_cell_0125,6
mouse2_lib2.final_cell_0126,6
mouse2_lib2.final_cell_0127,6
mouse2_lib2.final_cell_0128,6
mouse2_lib2.final_cell_0129,6
mouse2_lib2.final_cell_0130,5
mouse2_lib2.final_cell_0131,10
mouse2_lib2.final_cell_0132,6
mouse2_lib2.final_cell_0133,6
mouse2_lib2.final_cell_0134,6
mouse2_lib2.final_cell_0135,5
mouse2_lib2.final_cell_0136,6
mouse2_lib2.final_cell_0137,6
mouse2_lib2.final_cell_0138,1
mouse2_lib2.final_cell_0139,6
mouse2_lib2.final_cell_0140,7
mouse2_lib2.final_cell_0141,6
mouse2_lib2.final_cell_0142,5
mouse2_lib2.final_cell_0143,5
mouse2_lib2.final_cell_0144,6
mouse2_lib2.final_cell_0145,1
mouse2_lib2.final_cell_0146,6
mouse2_lib2.final_cell_0147,2
mouse2_lib2.final_cell_0148,2
mouse2_lib2.final_cell_0149,6
mouse2_lib2.final_cell_0150,5
mouse2_lib2.final_cell_0151,6
mouse2_lib2.final_cell_0152,6
mouse2_lib2.final_cell_0153,6
mouse2_lib2.final_cell_0154,6
mouse2_lib2.final_cell_0155,6
mouse2_lib2.final_cell_0156,6
mouse2_lib2.final_cell_0157,6
mouse2_lib2.final_cell_0158,6
mouse2_lib2.final_cell_0159,5
mouse2_lib2.final_cell_0160,6
mouse2_lib2.final_cell_0161,6
mouse2_lib2.final_cell_0162,5
mouse2_lib2.final_cell_0163,1
mouse2_lib2.final_cell_0164,6
mouse2_lib2.final_cell_0165,1
mouse2_lib2.final_cell_0166,6
mouse2_lib2.final_cell_0167,2
mouse2_lib2.final_cell_0168,6
mouse2_lib2.final_cell_0169,10
mouse2_lib2.final_cell_0170,6
mouse2_lib2.final_cell_0171,1
mouse2_lib2.final_cell_0172,6
mouse2_lib2.final_cell_0173,6
mouse2_lib2.final_cell_0174,1
mouse2_lib2.final_cell_0175,5
mouse2_lib2.final_cell_0176,6
mouse2_lib2.final_cell_0177,1
mouse2_lib2.final_cell_0178,6
mouse2_lib2.final_cell_0179,6
mouse2_lib2.final_cell_0180,5
mouse2_lib2.final_cell_0181,6
mouse2_lib2.final_cell_0182,6
mouse2_lib2.final_cell_0183,6
mouse2_lib2.final_cell_0184,5
mouse2_lib2.final_cell_0185,1
mouse2_lib2.final_cell_0186,2
mouse2_lib2.final_cell_0187,6
mouse2_lib2.final_cell_0188,4
mouse2_lib2.final_cell_0189,6
mouse2_lib2.final_cell_0190,6
mouse2_lib2.final_cell_0191,1
mouse2_lib2.final_cell_0192,5
mouse2_lib2.final_cell_0193,6
mouse2_lib2.final_cell_0194,6
mouse2_lib2.final_cell_0195,5
mouse2_lib2.final_cell_0196,2
mouse2_lib2.final_cell_0197,6
mouse2_lib2.final_cell_0198,6
mouse2_lib2.final_cell_0199,2
mouse2_lib2.final_cell_0200,6
mouse2_lib2.final_cell_0201,6
mouse2_lib2.final_cell_0202,5
mouse2_lib2.final_cell_0203,5
mouse2_lib2.final_cell_0204,8
mouse2_lib2.final_cell_0205,1
mouse2_lib2.final_cell_0206,5
mouse2_lib2.final_cell_0207,6
mouse2_lib2.final_cell_0208,4
mouse2_lib2.final_cell_0209,6
mouse2_lib2.final_cell_0210,6
mouse2_lib2.final_cell_0211,6
mouse2_lib2.final_cell_0212,2
mouse2_lib2.final_cell_0213,2
mouse2_lib2.final_cell_0214,6
mouse2_lib2.final_cell_0215,10
mouse2_lib2.final_cell_0216,6
mouse2_lib2.final_cell_0217,3
mouse2_lib2.final_cell_0218,6
mouse2_lib2.final_cell_0219,10
mouse2_lib2.final_cell_0220,5
mouse2_lib2.final_cell_0221,6
mouse2_lib2.final_cell_0222,1
mouse2_lib2.final_cell_0223,4
mouse2_lib2.final_cell_0224,6
mouse2_lib2.final_cell_0225,6
mouse2_lib2.final_cell_0226,5
mouse2_lib2.final_cell_0227,6
mouse2_lib2.final_cell_0228,5
mouse2_lib2.final_cell_0229,5
mouse2_lib2.final_cell_0230,6
mouse2_lib2.final_cell_0231,6
mouse2_lib2.final_cell_0232,7
mouse2_lib2.final_cell_0233,6
mouse2_lib2.final_cell_0234,6
mouse2_lib2.final_cell_0235,4
mouse2_lib2.final_cell_0236,5
mouse2_lib2.final_cell_0237,7
mouse2_lib2.final_cell_0238,1
mouse2_lib2.final_cell_0239,2
mouse2_lib2.final_cell_0240,5
mouse2_lib2.final_cell_0241,5
mouse2_lib2.final_cell_0242,1
mouse2_lib2.final_cell_0243,5
mouse2_lib2.final_cell_0244,5
mouse2_lib2.final_cell_0245,6
mouse2_lib2.final_cell_0246,1
mouse2_lib2.final_cell_0247,2
mouse2_lib2.final_cell_0248,6
mouse2_lib2.final_cell_0249,8
mouse2_lib2.final_cell_0250,6
mouse2_lib2.final_cell_0251,2
mouse2_lib2.final_cell_0252,8
mouse2_lib2.final_cell_0253,6
mouse2_lib2.final_cell_0254,6
mouse2_lib2.final_cell_0255,5
mouse2_lib2.final_cell_0256,1
mouse2_lib2.final_cell_0257,5
mouse2_lib2.final_cell_0258,6
mouse2_lib2.final_cell_0259,6
mouse2_lib2.final_cell_0260,5
mouse2_lib2.final_cell_0261,1
mouse2_lib2.final_cell_0262,6
mouse2_lib2.final_cell_0263,4
mouse2_lib2.final_cell_0264,7
mouse2_lib2.final_cell_0265,6
mouse2_lib2.final_cell_0266,6
mouse2_lib2.final_cell_0268,6
mouse2_lib2.final_cell_0269,2
mouse2_lib2.final_cell_0270,2
mouse2_lib2.final_cell_0271,2
mouse2_lib2.final_cell_0272,5
mouse2_lib2.final_cell_0273,6
mouse2_lib2.final_cell_0274,6
mouse2_lib2.final_cell_0275,1
mouse2_lib2.final_cell_0276,6
mouse2_lib2.final_cell_0277,2
mouse2_lib2.final_cell_0278,6
mouse2_lib2.final_cell_0279,5
mouse2_lib2.final_cell_0280,6
mouse2_lib2.final_cell_0281,2
mouse2_lib2.final_cell_0282,5
mouse2_lib2.final_cell_0283,6
mouse2_lib2.final_cell_0284,2
mouse2_lib2.final_cell_0285,5
mouse2_lib2.final_cell_0286,1
mouse2_lib2.final_cell_0287,6
mouse2_lib2.final_cell_0288,6
mouse2_lib2.final_cell_0289,6
mouse2_lib2.final_cell_0290,1
mouse2_lib2.final_cell_0291,3
mouse2_lib2.final_cell_0292,6
mouse2_lib2.final_cell_0293,5
mouse2_lib2.final_cell_0294,2
mouse2_lib2.final_cell_0295,4
mouse2_lib2.final_cell_0296,6
mouse2_lib2.final_cell_0297,6
mouse2_lib2.final_cell_0298,9
mouse2_lib2.final_cell_0299,2
mouse2_lib2.final_cell_0300,6
mouse2_lib2.final_cell_0301,4
mouse2_lib2.final_cell_0303,7
mouse2_lib2.final_cell_0304,3
mouse2_lib2.final_cell_0305,6
mouse2_lib2.final_cell_0306,6
mouse2_lib2.final_cell_0307,6
mouse2_lib2.final_cell_0308,1
mouse2_lib2.final_cell_0309,2
mouse2_lib2.final_cell_0310,5
mouse2_lib2.final_cell_0311,6
mouse2_lib2.final_cell_0312,6
mouse2_lib2.final_cell_0313,6
mouse2_lib2.final_cell_0314,1
mouse2_lib2.final_cell_0315,6
mouse2_lib2.final_cell_0316,6
mouse2_lib2.final_cell_0317,6
mouse2_lib2.final_cell_0318,6
mouse2_lib2.final_cell_0319,6
mouse2_lib2.final_cell_0320,6
mouse2_lib2.final_cell_0321,1
mouse2_lib2.final_cell_0322,5
mouse2_lib2.final_cell_0323,7
mouse2_lib2.final_cell_0324,1
mouse2_lib2.final_cell_0325,9
mouse2_lib2.final_cell_0326,6
mouse2_lib2.final_cell_0327,5
mouse2_lib2.final_cell_0328,3
mouse2_lib2.final_cell_0329,3
mouse2_lib2.final_cell_0330,1
mouse2_lib2.final_cell_0331,6
mouse2_lib2.final_cell_0332,1
mouse2_lib2.final_cell_0333,1
mouse2_lib2.final_cell_0334,3
mouse2_lib2.final_cell_0335,1
mouse2_lib2.final_cell_0336,3
mouse2_lib2.final_cell_0337,1
mouse2_lib2.final_cell_0338,1
mouse2_lib2.final_cell_0339,5
mouse2_lib2.final_cell_0340,4
mouse2_lib2.final_cell_0341,1
mouse2_lib2.final_cell_0342,6
mouse2_lib2.final_cell_0344,1
mouse2_lib2.final_cell_0345,1
mouse2_lib2.final_cell_0346,1
mouse2_lib2.final_cell_0347,1
mouse2_lib2.final_cell_0348,3
mouse2_lib2.final_cell_0349,2
mouse2_lib3.final_cell_0002,6
mouse2_lib3.final_cell_0003,6
mouse2_lib3.final_cell_0004,6
mouse2_lib3.final_cell_0005,6
mouse2_lib3.final_cell_0006,6
mouse2_lib3.final_cell_0007,6
mouse2_lib3.final_cell_0008,6
mouse2_lib3.final_cell_0009,6
mouse2_lib3.final_cell_0010,6
mouse2_lib3.final_cell_0011,6
mouse2_lib3.final_cell_0012,6
mouse2_lib3.final_cell_0013,1
mouse2_lib3.final_cell_0014,1
mouse2_lib3.final_cell_0015,6
mouse2_lib3.final_cell_0016,8
mouse2_lib3.final_cell_0017,6
mouse2_lib3.final_cell_0018,6
mouse2_lib3.final_cell_0019,6
mouse2_lib3.final_cell_0020,5
mouse2_lib3.final_cell_0021,5
mouse2_lib3.final_cell_0022,6
mouse2_lib3.final_cell_0023,6
mouse2_lib3.final_cell_0024,6
mouse2_lib3.final_cell_0025,6
mouse2_lib3.final_cell_0026,5
mouse2_lib3.final_cell_0027,6
mouse2_lib3.final_cell_0028,6
mouse2_lib3.final_cell_0029,6
mouse2_lib3.final_cell_0030,5
mouse2_lib3.final_cell_0031,6
mouse2_lib3.final_cell_0032,6
mouse2_lib3.final_cell_0033,1
mouse2_lib3.final_cell_0034,0
mouse2_lib3.final_cell_0035,6
mouse2_lib3.final_cell_0036,6
mouse2_lib3.final_cell_0037,6
mouse2_lib3.final_cell_0038,6
mouse2_lib3.final_cell_0039,10
mouse2_lib3.final_cell_0040,6
mouse2_lib3.final_cell_0041,1
mouse2_lib3.final_cell_0042,6
mouse2_lib3.final_cell_0043,6
mouse2_lib3.final_cell_0044,6
mouse2_lib3.final_cell_0045,6
mouse2_lib3.final_cell_0046,6
mouse2_lib3.final_cell_0047,6
mouse2_lib3.final_cell_0048,1
mouse2_lib3.final_cell_0049,6
mouse2_lib3.final_cell_0050,5
mouse2_lib3.final_cell_0051,6
mouse2_lib3.final_cell_0052,6
mouse2_lib3.final_cell_0053,6
mouse2_lib3.final_cell_0054,6
mouse2_lib3.final_cell_0055,6
mouse2_lib3.final_cell_0056,6
mouse2_lib3.final_cell_0057,6
mouse2_lib3.final_cell_0058,6
mouse2_lib3.final_cell_0059,6
mouse2_lib3.final_cell_0060,6
mouse2_lib3.final_cell_0061,4
mouse2_lib3.final_cell_0062,6
mouse2_lib3.final_cell_0063,5
mouse2_lib3.final_cell_0064,5
mouse2_lib3.final_cell_0065,0
mouse2_lib3.final_cell_0066,5
mouse2_lib3.final_cell_0067,6
mouse2_lib3.final_cell_0068,6
mouse2_lib3.final_cell_0069,4
mouse2_lib3.final_cell_0070,5
mouse2_lib3.final_cell_0071,6
mouse2_lib3.final_cell_0072,1
mouse2_lib3.final_cell_0073,5
mouse2_lib3.final_cell_0074,1
mouse2_lib3.final_cell_0075,1
mouse2_lib3.final_cell_0076,5
mouse2_lib3.final_cell_0077,6
mouse2_lib3.final_cell_0078,5
mouse2_lib3.final_cell_0079,6
mouse2_lib3.final_cell_0080,6
mouse2_lib3.final_cell_0081,1
mouse2_lib3.final_cell_0082,5
mouse2_lib3.final_cell_0083,6
mouse2_lib3.final_cell_0084,6
mouse2_lib3.final_cell_0085,6
mouse2_lib3.final_cell_0086,5
mouse2_lib3.final_cell_0087,5
mouse2_lib3.final_cell_0088,6
mouse2_lib3.final_cell_0089,6
mouse2_lib3.final_cell_0090,6
mouse2_lib3.final_cell_0091,5
mouse2_lib3.final_cell_0092,6
mouse2_lib3.final_cell_0093,5
mouse2_lib3.final_cell_0094,5
mouse2_lib3.final_cell_0095,5
mouse2_lib3.final_cell_0096,6
mouse2_lib3.final_cell_0097,1
mouse2_lib3.final_cell_0098,6
mouse2_lib3.final_cell_0099,6
mouse2_lib3.final_cell_0100,5
mouse2_lib3.final_cell_0101,6
mouse2_lib3.final_cell_0102,6
mouse2_lib3.final_cell_0103,6
mouse2_lib3.final_cell_0104,6
mouse2_lib3.final_cell_0105,1
mouse2_lib3.final_cell_0106,5
mouse2_lib3.final_cell_0107,6
mouse2_lib3.final_cell_0108,5
mouse2_lib3.final_cell_0109,5
mouse2_lib3.final_cell_0110,6
mouse2_lib3.final_cell_0111,6
mouse2_lib3.final_cell_0112,5
mouse2_lib3.final_cell_0113,6
mouse2_lib3.final_cell_0114,6
mouse2_lib3.final_cell_0115,5
mouse2_lib3.final_cell_0116,1
mouse2_lib3.final_cell_0117,6
mouse2_lib3.final_cell_0118,5
mouse2_lib3.final_cell_0119,6
mouse2_lib3.final_cell_0120,6
mouse2_lib3.final_cell_0121,6
mouse2_lib3.final_cell_0122,6
mouse2_lib3.final_cell_0123,6
mouse2_lib3.final_cell_0124,6
mouse2_lib3.final_cell_0125,1
mouse2_lib3.final_cell_0126,1
mouse2_lib3.final_cell_0127,6
mouse2_lib3.final_cell_0128,6
mouse2_lib3.final_cell_0129,6
mouse2_lib3.final_cell_0130,5
mouse2_lib3.final_cell_0131,4
mouse2_lib3.final_cell_0132,6
mouse2_lib3.final_cell_0133,6
mouse2_lib3.final_cell_0134,6
mouse2_lib3.final_cell_0135,6
mouse2_lib3.final_cell_0136,6
mouse2_lib3.final_cell_0137,6
mouse2_lib3.final_cell_0138,6
mouse2_lib3.final_cell_0139,6
mouse2_lib3.final_cell_0140,1
mouse2_lib3.final_cell_0141,6
mouse2_lib3.final_cell_0142,5
mouse2_lib3.final_cell_0143,6
mouse2_lib3.final_cell_0144,1
mouse2_lib3.final_cell_0145,5
mouse2_lib3.final_cell_0147,6
mouse2_lib3.final_cell_0148,5
mouse2_lib3.final_cell_0149,1
mouse2_lib3.final_cell_0150,6
mouse2_lib3.final_cell_0151,5
mouse2_lib3.final_cell_0152,1
mouse2_lib3.final_cell_0153,5
mouse2_lib3.final_cell_0154,6
mouse2_lib3.final_cell_0155,5
mouse2_lib3.final_cell_0156,6
mouse2_lib3.final_cell_0157,5
mouse2_lib3.final_cell_0158,5
mouse2_lib3.final_cell_0159,6
mouse2_lib3.final_cell_0160,5
mouse2_lib3.final_cell_0161,6
mouse2_lib3.final_cell_0162,6
mouse2_lib3.final_cell_0163,5
mouse2_lib3.final_cell_0164,6
mouse2_lib3.final_cell_0165,7
mouse2_lib3.final_cell_0166,6
mouse2_lib3.final_cell_0167,6
mouse2_lib3.final_cell_0168,5
mouse2_lib3.final_cell_0169,6
mouse2_lib3.final_cell_0170,6
mouse2_lib3.final_cell_0171,4
mouse2_lib3.final_cell_0172,10
mouse2_lib3.final_cell_0173,6
mouse2_lib3.final_cell_0174,5
mouse2_lib3.final_cell_0175,6
mouse2_lib3.final_cell_0176,6
mouse2_lib3.final_cell_0177,6
mouse2_lib3.final_cell_0178,1
mouse2_lib3.final_cell_0179,6
mouse2_lib3.final_cell_0180,10
mouse2_lib3.final_cell_0181,2
mouse2_lib3.final_cell_0182,5
mouse2_lib3.final_cell_0183,5
mouse2_lib3.final_cell_0184,5
mouse2_lib3.final_cell_0185,5
mouse2_lib3.final_cell_0186,6
mouse2_lib3.final_cell_0187,6
mouse2_lib3.final_cell_0188,5
mouse2_lib3.final_cell_0189,6
mouse2_lib3.final_cell_0190,6
mouse2_lib3.final_cell_0191,6
mouse2_lib3.final_cell_0192,2
mouse2_lib3.final_cell_0193,5
mouse2_lib3.final_cell_0194,10
mouse2_lib3.final_cell_0195,6
mouse2_lib3.final_cell_0196,6
mouse2_lib3.final_cell_0197,5
mouse2_lib3.final_cell_0198,1
mouse2_lib3.final_cell_0199,4
mouse2_lib3.final_cell_0200,6
mouse2_lib3.final_cell_0201,6
mouse2_lib3.final_cell_0202,6
mouse2_lib3.final_cell_0203,5
mouse2_lib3.final_cell_0204,4
mouse2_lib3.final_cell_0205,5
mouse2_lib3.final_cell_0206,2
mouse2_lib3.final_cell_0207,5
mouse2_lib3.final_cell_0208,6
mouse2_lib3.final_cell_0209,5
mouse2_lib3.final_cell_0210,5
mouse2_lib3.final_cell_0211,8
mouse2_lib3.final_cell_0212,1
mouse2_lib3.final_cell_0213,1
mouse2_lib3.final_cell_0214,4
mouse2_lib3.final_cell_0215,6
mouse2_lib3.final_cell_0216,6
mouse2_lib3.final_cell_0217,6
mouse2_lib3.final_cell_0218,5
mouse2_lib3.final_cell_0219,6
mouse2_lib3.final_cell_0220,10
mouse2_lib3.final_cell_0221,6
mouse2_lib3.final_cell_0222,6
mouse2_lib3.final_cell_0223,6
mouse2_lib3.final_cell_0224,2
mouse2_lib3.final_cell_0225,4
mouse2_lib3.final_cell_0226,6
mouse2_lib3.final_cell_0227,5
mouse2_lib3.final_cell_0228,2
mouse2_lib3.final_cell_0229,6
mouse2_lib3.final_cell_0230,6
mouse2_lib3.final_cell_0231,6
mouse2_lib3.final_cell_0232,7
mouse2_lib3.final_cell_0233,7
mouse2_lib3.final_cell_0234,6
mouse2_lib3.final_cell_0235,6
mouse2_lib3.final_cell_0236,5
mouse2_lib3.final_cell_0237,3
mouse2_lib3.final_cell_0238,5
mouse2_lib3.final_cell_0239,6
mouse2_lib3.final_cell_0240,2
mouse2_lib3.final_cell_0241,5
mouse2_lib3.final_cell_0242,2
mouse2_lib3.final_cell_0243,6
mouse2_lib3.final_cell_0244,6
mouse2_lib3.final_cell_0245,6
mouse2_lib3.final_cell_0246,6
mouse2_lib3.final_cell_0247,6
mouse2_lib3.final_cell_0248,6
mouse2_lib3.final_cell_0249,5
mouse2_lib3.final_cell_0250,5
mouse2_lib3.final_cell_0251,2
mouse2_lib3.final_cell_0252,6
mouse2_lib3.final_cell_0253,2
mouse2_lib3.final_cell_0254,6
mouse2_lib3.final_cell_0255,1
mouse2_lib3.final_cell_0256,6
mouse2_lib3.final_cell_0257,6
mouse2_lib3.final_cell_0258,6
mouse2_lib3.final_cell_0259,2
mouse2_lib3.final_cell_0260,6
mouse2_lib3.final_cell_0261,6
mouse2_lib3.final_cell_0262,2
mouse2_lib3.final_cell_0263,6
mouse2_lib3.final_cell_0264,2
mouse2_lib3.final_cell_0265,6
mouse2_lib3.final_cell_0266,6
mouse2_lib3.final_cell_0267,6
mouse2_lib3.final_cell_0268,6
mouse2_lib3.final_cell_0269,10
mouse2_lib3.final_cell_0270,6
mouse2_lib3.final_cell_0271,6
mouse2_lib3.final_cell_0272,5
mouse2_lib3.final_cell_0273,4
mouse2_lib3.final_cell_0274,8
mouse2_lib3.final_cell_0275,6
mouse2_lib3.final_cell_0276,6
mouse2_lib3.final_cell_0277,1
mouse2_lib3.final_cell_0278,1
mouse2_lib3.final_cell_0279,5
mouse2_lib3.final_cell_0280,6
mouse2_lib3.final_cell_0281,1
mouse2_lib3.final_cell_0282,6
mouse2_lib3.final_cell_0283,5
mouse2_lib3.final_cell_0284,2
mouse2_lib3.final_cell_0285,6
mouse2_lib3.final_cell_0286,6
mouse2_lib3.final_cell_0287,6
mouse2_lib3.final_cell_0288,6
mouse2_lib3.final_cell_0289,2
mouse2_lib3.final_cell_0290,5
mouse2_lib3.final_cell_0291,6
mouse2_lib3.final_cell_0292,2
mouse2_lib3.final_cell_0293,5
mouse2_lib3.final_cell_0294,6
mouse2_lib3.final_cell_0295,5
mouse2_lib3.final_cell_0296,2
mouse2_lib3.final_cell_0297,2
mouse2_lib3.final_cell_0298,6
mouse2_lib3.final_cell_0299,6
mouse2_lib3.final_cell_0300,6
mouse2_lib3.final_cell_0301,6
mouse2_lib3.final_cell_0302,6
mouse2_lib3.final_cell_0303,6
mouse2_lib3.final_cell_0304,6
mouse2_lib3.final_cell_0305,2
mouse2_lib3.final_cell_0306,1
mouse2_lib3.final_cell_0307,3
mouse2_lib3.final_cell_0308,2
mouse2_lib3.final_cell_0309,6
mouse2_lib3.final_cell_0310,7
mouse2_lib3.final_cell_0311,6
mouse2_lib3.final_cell_0312,6
mouse2_lib3.final_cell_0313,6
mouse2_lib3.final_cell_0314,2
mouse2_lib3.final_cell_0315,3
mouse2_lib3.final_cell_0316,2
mouse2_lib3.final_cell_0317,2
mouse2_lib3.final_cell_0318,1
mouse2_lib3.final_cell_0319,6
mouse2_lib3.final_cell_0321,6
mouse2_lib3.final_cell_0322,1
mouse2_lib3.final_cell_0323,6
mouse2_lib3.final_cell_0324,10
mouse2_lib3.final_cell_0325,2
mouse2_lib3.final_cell_0326,6
mouse2_lib3.final_cell_0327,6
mouse2_lib3.final_cell_0328,5
mouse2_lib3.final_cell_0329,7
mouse2_lib3.final_cell_0330,5
mouse2_lib3.final_cell_0331,4
mouse2_lib3.final_cell_0332,6
mouse2_lib3.final_cell_0333,6
mouse2_lib3.final_cell_0334,6
mouse2_lib3.final_cell_0335,6
mouse2_lib3.final_cell_0336,4
mouse2_lib3.final_cell_0337,6
mouse2_lib3.final_cell_0338,2
mouse2_lib3.final_cell_0339,5
mouse2_lib3.final_cell_0340,2
mouse2_lib3.final_cell_0341,1
mouse2_lib3.final_cell_0342,6
mouse2_lib3.final_cell_0343,6
mouse2_lib3.final_cell_0344,6
mouse2_lib3.final_cell_0345,5
mouse2_lib3.final_cell_0346,6
mouse2_lib3.final_cell_0347,3
mouse2_lib3.final_cell_0348,6
mouse2_lib3.final_cell_0349,5
mouse2_lib3.final_cell_0350,1
mouse2_lib3.final_cell_0351,6
mouse2_lib3.final_cell_0352,6
mouse2_lib3.final_cell_0353,2
mouse2_lib3.final_cell_0354,2
mouse2_lib3.final_cell_0355,1
mouse2_lib3.final_cell_0356,6
mouse2_lib3.final_cell_0357,6
mouse2_lib3.final_cell_0358,4
mouse2_lib3.final_cell_0359,3
mouse2_lib3.final_cell_0360,4
mouse2_lib3.final_cell_0361,6
mouse2_lib3.final_cell_0362,6
mouse2_lib3.final_cell_0363,6
mouse2_lib3.final_cell_0364,6
mouse2_lib3.final_cell_0365,6
mouse2_lib3.final_cell_0366,2
mouse2_lib3.final_cell_0367,6
mouse2_lib3.final_cell_0368,9
mouse2_lib3.final_cell_0369,2
mouse2_lib3.final_cell_0370,6
mouse2_lib3.final_cell_0372,2
mouse2_lib3.final_cell_0373,3
mouse2_lib3.final_cell_0374,6
mouse2_lib3.final_cell_0375,6
mouse2_lib3.final_cell_0376,6
mouse2_lib3.final_cell_0377,6
mouse2_lib3.final_cell_0378,1
mouse2_lib3.final_cell_0379,4
mouse2_lib3.final_cell_0380,4
mouse2_lib3.final_cell_0381,6
mouse2_lib3.final_cell_0382,6
mouse2_lib3.final_cell_0384,6
mouse2_lib3.final_cell_0385,6
mouse2_lib3.final_cell_0386,1
mouse2_lib3.final_cell_0387,1
mouse2_lib3.final_cell_0388,1
mouse2_lib3.final_cell_0389,2
mouse2_lib3.final_cell_0390,4
mouse2_lib3.final_cell_0391,6
mouse2_lib3.final_cell_0392,6
mouse2_lib3.final_cell_0393,4
mouse2_lib3.final_cell_0394,3
mouse2_lib3.final_cell_0395,4
